{
  "adapterType": "zStack",
  "time": "Sun, 14 Mar 2021 09:13:51 GMT",
  "meta": {
    "product": 1
  },
  "data": {
    "ZCD_NV_EXTADDR": {
      "id": 1,
      "offset": 0,
      "osal": true,
      "product": -1,
      "value": [
        115,
        28,
        129,
        34,
        0,
        75,
        18,
        0
      ],
      "len": 8
    },
    "ZCD_NV_NIB": {
      "id": 33,
      "offset": 0,
      "osal": true,
      "product": -1,
      "value": [
        253,
        5,
        2,
        51,
        20,
        51,
        0,
        30,
        0,
        0,
        0,
        1,
        5,
        1,
        143,
        0,
        7,
        0,
        2,
        5,
        30,
        0,
        0,
        0,
        11,
        0,
        0,
        0,
        0,
        0,
        0,
        0,
        0,
        0,
        0,
        0,
        98,
        26,
        8,
        0,
        0,
        8,
        0,
        0,
        15,
        15,
        4,
        0,
        1,
        0,
        0,
        0,
        1,
        0,
        0,
        0,
        0,
        221,
        221,
        221,
        221,
        221,
        221,
        221,
        221,
        1,
        0,
        0,
        0,
        0,
        0,
        0,
        0,
        0,
        0,
        0,
        0,
        0,
        0,
        0,
        0,
        0,
        0,
        0,
        0,
        0,
        0,
        0,
        0,
        0,
        0,
        0,
        0,
        0,
        0,
        0,
        0,
        0,
        0,
        0,
        0,
        0,
        15,
        3,
        0,
        1,
        120,
        10,
        1,
        0,
        0,
        0,
        163,
        122,
        0,
        0
      ],
      "len": 116
    },
    "ZCD_NV_PANID": {
      "id": 131,
      "offset": 0,
      "osal": true,
      "product": -1,
      "value": [
        98,
        26
      ],
      "len": 2
    },
    "ZCD_NV_EXTENDED_PAN_ID": {
      "id": 45,
      "offset": 0,
      "osal": true,
      "product": -1,
      "value": [
        221,
        221,
        221,
        221,
        221,
        221,
        221,
        221
      ],
      "len": 8
    },
    "ZCD_NV_NWK_ACTIVE_KEY_INFO": {
      "id": 58,
      "offset": 0,
      "osal": true,
      "product": -1,
      "value": [
        0,
        1,
        3,
        5,
        7,
        9,
        11,
        13,
        15,
        0,
        2,
        4,
        6,
        8,
        10,
        12,
        13
      ],
      "len": 17
    },
    "ZCD_NV_NWK_ALTERN_KEY_INFO": {
      "id": 59,
      "offset": 0,
      "osal": true,
      "product": -1,
      "value": [
        0,
        1,
        3,
        5,
        7,
        9,
        11,
        13,
        15,
        0,
        2,
        4,
        6,
        8,
        10,
        12,
        13
      ],
      "len": 17
    },
    "ZCD_NV_APS_USE_EXT_PANID": {
      "id": 71,
      "offset": 0,
      "osal": true,
      "product": -1,
      "value": [
        0,
        0,
        0,
        0,
        0,
        0,
        0,
        0
      ],
      "len": 8
    },
    "ZCD_NV_PRECFGKEY": {
      "id": 98,
      "offset": 0,
      "osal": true,
      "product": -1,
      "value": [
        1,
        3,
        5,
        7,
        9,
        11,
        13,
        15,
        0,
        2,
        4,
        6,
        8,
        10,
        12,
        13
      ],
      "len": 16
    },
    "ZCD_NV_PRECFGKEY_ENABLE": {
      "id": 99,
      "offset": 0,
      "osal": true,
      "product": -1,
      "value": [
        0
      ],
      "len": 1
    },
    "ZCD_NV_CHANLIST": {
      "id": 132,
      "offset": 0,
      "osal": true,
      "product": -1,
      "value": [
        0,
        8,
        0,
        0
      ],
      "len": 4
    },
    "ZCD_NV_EX_TCLK_TABLE": {
      "sysid": 1,
      "itemid": 4,
      "subid": 0,
      "product": 1,
      "osal": false,
      "offset": 0,
      "value": [
        0,
        0,
        0,
        0,
        0,
        0,
        0,
        0,
        0,
        0,
        0,
        0,
        0,
        0,
        0,
        0,
        255,
        0,
        0,
        0
      ],
      "len": 20
    },
    "ZCD_NV_EX_NWK_SEC_MATERIAL_TABLE": {
      "sysid": 1,
      "itemid": 7,
      "subid": 0,
      "product": 1,
      "osal": false,
      "offset": 0,
      "value": [
        174,
        13,
        0,
        0,
        201,
        244,
        74,
        25,
        0,
        75,
        18,
        0
      ],
      "len": 12
    }
  }
}