{
    "0xec1bbdfffe8d6ac9": {
        "temperature": 22.7,
        "humidity": 34.1,
        "battery": 80,
        "voltage": 2700
    },
    "0x00158d0001117040": {
        "state_left": "OFF",
        "state_right": "ON",
        "operation_mode_right": "decoupled",
        "temperature": 28
    },
    "0x842e14fffe51c5ae": {
        "state": "ON",
        "energy": 87.92,
        "power_outage_memory": "on",
        "power": 0,
        "current": 0,
        "voltage": 214
    },
    "0x00158d0002705b7b": {
        "voltage": 3035,
        "battery": 100,
        "water_leak": false,
        "tamper": false,
        "battery_low": false
    },
    "0x00158d00010f8920": {
        "voltage": 3015,
        "battery": 100,
        "occupancy": false
    },
    "0x00158d0002a4f77e": {
        "voltage": 3145,
        "battery": 100,
        "angle": 5,
        "sensitivity": "medium",
        "angle_x": -9,
        "angle_y": 76,
        "angle_z": 11,
        "angle_x_absolute": 99,
        "angle_y_absolute": 14,
        "strength": 6
    },
    "0x00158d0001291d12": {
        "state": "ON",
        "power": 3.58,
        "consumption": 216.75,
        "energy": 216.75,
        "temperature": 36,
        "power_outage_memory": true
    },
    "0x000d6f0014bb14b4": {
        "state": "ON",
        "voltage": 221.99,
        "power": 0,
        "current": 0
    },
    "0x00158d000149d28b": {
        "voltage": 3085,
        "battery": 100,
        "smoke_density": 3,
        "enrolled": false,
        "smoke": false,
        "tamper": false,
        "battery_low": false,
        "supervision_reports": false,
        "restore_reports": false,
        "trouble": false,
        "ac_status": false,
        "sensitivity": "high"
    },
    "0x00158d00013fc3bc": {
        "voltage": 3025,
        "battery": 100
    },
    "0x04cf8cdf3c79360a": {
        "voltage": 3083,
        "battery": 100
    },
    "0x00158d00014a1a55": {
        "state": "OFF"
    },
    "0x00158d0001ab3350": {
        "voltage": 3075,
        "battery": 100,
        "illuminance": 3,
        "illuminance_lux": 3,
        "temperature": 25,
        "occupancy": false
    },
    "0x00158d000420dbab": {
        "state": "OFF",
        "brightness": 254,
        "color_temp": 250
    },
    "0x00158d00014a1abd": {
        "state": "OFF"
    },
    "0x00158d0002d7bb2b": {
        "state_l1": "ON",
        "state_l2": "OFF",
        "power": 7.01,
        "consumption": 11.52,
        "energy": 11.52,
        "temperature": 35,
        "voltage": 222.1,
        "interlock": false
    },
    "0x00158d0001a2ccab": {
        "state_left": "OFF",
        "state_right": "ON",
        "power": 1.44,
        "consumption": 23.59,
        "energy": 23.59,
        "temperature": 25,
        "operation_mode_left": "control_left_relay"
    },
    "0x00124b0022659c04": {
        "voltage": 3200,
        "battery": 100,
        "temperature": 22.75,
        "humidity": 36.34
    },
    "0x00158d000155d2fb": {
        "voltage": 3042,
        "battery": 100
    },
    "0x00158d0001e8a244": {
        "voltage": 3025,
        "battery": 100
    },
    "0x04cf8cdf3c78ca91": {
        "voltage": 3100,
        "battery": 100,
        "illuminance": 18921,
        "illuminance_lux": 78
    },
    "0x00158d00028f6fe6": {
        "voltage": 3085,
        "battery": 100,
        "angle": -9.85,
        "side": 0
    },
    "0x00158d00016d56f5": {
        "voltage": 2975,
        "battery": 86,
        "occupancy": false
    },
    "0x00158d000186d9a9": {
        "voltage": 3022,
        "battery": 100
    },
    "0x00158d00015751f4": {
        "state": "OFF",
        "power": 0,
        "consumption": 1151.61,
        "energy": 1151.61,
        "temperature": 31,
        "voltage": 221,
        "power_outage_memory": false
    },
    "0x00158d0001dcd47e": {
        "voltage": 2965,
        "battery": 80,
        "temperature": 23.12,
        "humidity": 44.29
    },
    "0x00158d00054495dc": {
        "voltage": 3015,
        "battery": 100,
        "contact": false
    },
    "0x00158d0001bb60c2": {
        "voltage": 3005,
        "battery": 100,
        "water_leak": false
    },
    "0x00158d0001d72fa2": {
        "voltage": 3005,
        "battery": 100,
        "water_leak": false,
        "tamper": false,
        "battery_low": false
    },
    "0x00158d00012896cb": {
        "state": "ON",
        "power": 5.52,
        "consumption": 326.76,
        "energy": 326.76,
        "temperature": 33,
        "power_outage_memory": true
    },
    "0x00158d000238a140": {
        "voltage": 3045,
        "battery": 100
    },
    "0x00158d0001e547a3": {
        "voltage": 3215,
        "battery": 100,
        "illuminance": 0,
        "illuminance_lux": 0,
        "temperature": 26,
        "occupancy": false
    },
    "0x00158d000159c7e6": {
        "voltage": 2985,
        "battery": 91,
        "temperature": 21.41,
        "humidity": 43.5
    },
    "0x00158d0001718ca8": {
        "voltage": 3025,
        "battery": 100
    },
    "0x04cf8cdf3c7f7b6e": {
        "state": "ON"
    },
    "0x00158d00014dceb3": {
        "state_left": "ON",
        "state_right": "OFF",
        "temperature": 27,
        "operation_mode_left": "decoupled"
    },
    "0xec1bbdfffe6f3394": {
        "battery": 100,
        "voltage": 2900,
        "temperature": 23.8,
        "humidity": 33.3
    },
    "0x00158d00013ed373": {
        "voltage": 3025,
        "battery": 100,
        "contact": false
    },
    "0x00124b001e722013": {
        "state": "OFF"
    },
    "0xec1bbdfffedf6a6a": {
        "battery": 67,
        "voltage": 1800,
        "contact": true,
        "tamper": false,
        "battery_low": false
    },
    "0x00158d00013f7894": {
        "voltage": 3175,
        "battery": 100,
        "occupancy": false
    },
    "0x00158d000119378d": {
        "voltage": 3035,
        "battery": 100,
        "contact": true
    },
    "0x00158d00010b1963": {
        "voltage": 3062,
        "battery": 100
    },
    "0x00158d00015723f1": {
        "state_left": "OFF",
        "state_right": "ON",
        "operation_mode_right": "decoupled",
        "temperature": 27
    },
    "0x00158d000114a1e1": {
        "state": "OFF",
        "power": 0,
        "consumption": 42.23,
        "energy": 42.23,
        "temperature": 27,
        "power_outage_memory": false
    },
    "0x00158d0001bbeba6": {
        "water_leak": false,
        "voltage": 3045,
        "battery": 100
    },
    "0x00158d000128cd1a": {
        "voltage": 3255,
        "battery": 100
    },
    "0x00158d0001186d82": {
        "voltage": 3125,
        "battery": 100,
        "side": 0,
        "angle": -4.99
    },
    "0x00158d0001a24e71": {
        "voltage": 3055,
        "battery": 100,
        "illuminance": 97,
        "illuminance_lux": 97,
        "temperature": 28,
        "occupancy": false
    },
    "0x00158d000445206b": {
        "voltage": 3005,
        "battery": 100,
        "contact": true,
        "temperature": 24
    },
    "0xec1bbdfffe4534c0": {
        "temperature": 10.41,
        "humidity": 60.01,
        "battery": 78,
        "voltage": 2800
    },
    "0x00158d00010b5aee": {
        "voltage": 3075,
        "battery": 100
    },
    "0x00158d0001f47e10": {
        "voltage": 3055,
        "battery": 100
    },
    "0x00158d0001a4b9da": {
        "voltage": 2955,
        "battery": 74,
        "temperature": 6.91,
        "humidity": 78.42,
        "pressure": 987.3
    },
    "0x00158d000449b773": {
        "voltage": 2985,
        "battery": 91,
        "illuminance": 418,
        "illuminance_lux": 418,
        "temperature": 16,
        "occupancy": false
    },
    "0x00158d0001a2f5f7": {
        "voltage": 2965,
        "battery": 80,
        "contact": false
    },
    "0x00158d0001f3fefe": {
        "voltage": 3022,
        "battery": 100
    },
    "0x00158d0001fa2934": {
        "state": "ON",
        "power": 2.78,
        "consumption": 1822.09,
        "energy": 1822.09,
        "temperature": 34,
        "power_outage_memory": true
    },
    "0x04cf8cdf3c772379": {
        "voltage": 3000,
        "battery": 100,
        "illuminance": 13223,
        "illuminance_lux": 21
    },
    "0x00158d0001e16204": {
        "voltage": 3055,
        "battery": 100,
        "illuminance": 0,
        "illuminance_lux": 0,
        "temperature": 23,
        "occupancy": false
    },
    "0x00158d000101bdc6": {
        "voltage": 3055,
        "battery": 100,
        "side": 0
    },
    "0x00158d0002a8ab8b": {
        "voltage": 3155,
        "battery": 100,
        "angle": 7,
        "angle_x": 0,
        "angle_y": 81,
        "angle_z": 9,
        "angle_x_absolute": 90,
        "angle_y_absolute": 9,
        "strength": 5
    },
    "0x00158d0003f46bb6": {
        "state_l1": "ON",
        "state_l2": "ON",
        "power": 5.75,
        "interlock": false,
        "consumption": 4.08,
        "energy": 4.08,
        "temperature": 40,
        "voltage": 216.4
    },
    "0xec1bbdfffea37571": {
        "state": "OFF"
    },
    "0x00158d00057305ac": {
        "state_left": "ON",
        "state_right": "ON",
        "operation_mode_left": "decoupled",
        "operation_mode_right": "decoupled"
    }
}